
{
    "employees": [
      {
        "id": 1,
        "firstName": "John",
        "lastName": "Doe",
        "jobTitle": "Software Engineer",
        "department": "Engineering",
        "salary": 80000.00,
        "active": true
      },
      {
        "id": 2,
        "firstName": "Jane",
        "lastName": "Smith",
        "jobTitle": "Product Manager",
        "department": "Product Management",
        "salary": 95000.00,
        "active": true
      },
      {
        "id": 3,
        "firstName": "Mike",
        "lastName": "Johnson",
        "jobTitle": "Sales Representative",
        "department": "Sales",
        "salary": 60000.00,
        "active": false
      }
    ]
  }
  
  